filename, tabacco
133209067_11-4_png.rf.b47300f07d4f864935d3c7a78253ba53.jpg, 1
125510218_15-36_png.rf.b5fe5eed0e1838a0ca89b72c9b66176e.jpg, 1
143103915_23-7_png.rf.b3c9835383aadfc05b1927e7dbe4c4dd.jpg, 1
193759974_10-6_png.rf.b3578655105b50fdd2aa9d4a7e79b295.jpg, 1
164507275_7-3_png.rf.b4a3847a0fabc1c47e128be26bda3cbd.jpg, 1
152606121_10-1_png.rf.bd2fb641f9b9d405a3430d9d7bc7a8bb.jpg, 1
110549683_5-6_png.rf.b4fb46b7c700d8028c24509d5fe8c00f.jpg, 1
193759974_10-6_png.rf.c0899a4b87f5861a4ce8a831cc263666.jpg, 1
130757664_12-76_png.rf.b86ccfe84b1593c1e6ddb8bfaed32649.jpg, 1
193302110_9-6_png.rf.bb6897e0c65787631e6471560a222421.jpg, 1
164157591_15-8_png.rf.b0a8410736d387b0e6002779f4f4fcd8.jpg, 1
125920353_5-6_png.rf.b13dd985aeada036138e704404dc6e17.jpg, 1
153214004_10-1_png.rf.bfe404e42c2e75e08e66b9af7b57870d.jpg, 1
122249253_9-86_png.rf.bd7d0dd35fbef67680611cfc718a8fb3.jpg, 1
153009464_3-4_png.rf.c38fa08f318caee4a8874163aa821688.jpg, 1
123236471_8-9_png.rf.c4226cb86dec03a034f4a5a7267a60b8.jpg, 1
150129508_13-1_png.rf.bb8a0c4ccc835dfd905e7f10501e8d62.jpg, 1
130549518_9-96_png.rf.b6fcdc16a1206543176b02bcd633c294.jpg, 1
164231802_11-3_png.rf.b68a021eb6c0b362fa3f470f005fb735.jpg, 1
153334896_10-1_png.rf.b961dfe42e6607b7e75e216bf861d121.jpg, 1
131951484_8-96_png.rf.ba9c8a35e33bde32b9cc82241fdf30bf.jpg, 1
153110221_10-1_png.rf.b2720d86c148bb55fc01d34acab2f4fd.jpg, 1
194541473_7-1_png.rf.c15b0f78488ca8f45d653ee8a6658632.jpg, 1
134603432_12-06_png.rf.ba3b2faf94cb92f4dba10249882487b2.jpg, 1
204223493_16-1_png.rf.c2af6c0bacb307b43b6005b9b16aed0e.jpg, 1
164257214_16-4_png.rf.c43c080fb8a9f632ffd423fde5722d4e.jpg, 1
152038356_8-8_png.rf.c7b6fce342a1bd0cff0ad4b29f9f6b72.jpg, 1
153239516_10-1_png.rf.c5db7e13184a2a838d90b09caefeea5e.jpg, 1
122534294_19-5_png.rf.c87b1523696992d28fbd6ac5f5d77ca3.jpg, 1
164245831_16-3_png.rf.c505200ca45494118c7edc6abc7026d7.jpg, 1
153009464_3-4_png.rf.c69254206d7d05d2fe9c3a2d4fbf652a.jpg, 1
192535510_14-9_png.rf.c6561c81f794ae0a4dee6e4ba6f32718.jpg, 1
203406230_14-2_png.rf.cbda564a567faae606540d5a39669238.jpg, 1
204031956_16-1_png.rf.ca32a0c90983db01dd2e37bb94fbde79.jpg, 1
153803776_7-5_png.rf.cfcf4fc82b0bcd0a61d342454e643494.jpg, 1
122249253_9-86_png.rf.c9063c8ddccc3f79f727c68dfd554df8.jpg, 1
124353738_35_png.rf.cb98a6911fefbaa3265a6c1f2ee37d01.jpg, 1
164144388_11-4_png.rf.cd2ac8231e6c4e64a5787a92f7bd8a27.jpg, 1
151248355_2-4_png.rf.ccd4238d12c10f7cb83d5e8b5377bd67.jpg, 1
150344375_5-9_png.rf.cbd70c28020f38c421af821aa3e7c047.jpg, 1
145913451_13-1_png.rf.cba42603fd5321529377a1e8a647cb7f.jpg, 1
123304624_14-26_png.rf.cfe2068f5f539b2432561ce746cb290b.jpg, 1
132303512_12-76_png.rf.c8ac608df13a14e816ad502934bd0ad3.jpg, 1
125033735_13-46_png.rf.ce4936b14e94ac7c9a2b053495ba91c2.jpg, 1
194148203_10-6_png.rf.ca166965dd10ec4a0e623ec773fb005b.jpg, 1
153650319_7-5_png.rf.c933254f807f47a9cac012ee7b88d10e.jpg, 1
123927219_8-9_png.rf.cc90014c7191ca90f74a3fcd9d145303.jpg, 1
135730130_13-06_png.rf.c43e80e6353bed2103541625b2b1efa3.jpg, 1
124108428_21-8_png.rf.ceecaa705a763b24859b36913bf07efd.jpg, 1
124108428_21-8_png.rf.c8bcfbe375d566565ec2cb1c2faab5c8.jpg, 1
151502498_2-4_png.rf.dad7cf85a6028eb283aac064b1dafb3d.jpg, 1
192715901_14-9_png.rf.d94d1623bc5e6fb992a0cbb41318caef.jpg, 1
153308034_10-1_png.rf.d4184444757a9dddfc4234e17892b4ef.jpg, 1
122844224_25-9_png.rf.d1d54455d0b428318253dd8274b786d4.jpg, 1
123707247_25-1_png.rf.d84582409c65e03307969d214ecef95b.jpg, 1
203922219_16-1_png.rf.dea624ef0f52ae6de92277cfeabc23d7.jpg, 1
164207108_13_png.rf.da60f3b957221593278033bb48c016bf.jpg, 1
153214004_10-1_png.rf.d415b63dcd17a8db07c524a9aab1e4e4.jpg, 1
122534294_19-5_png.rf.e3aabb2e4d5d7a93105420ca7b49d8c3.jpg, 1
131951484_8-96_png.rf.de15c627f9428be3ed092d87a547569b.jpg, 1
134252026_9-36_png.rf.dcab5b7101d0cc289d2a13d25da429be.jpg, 1
193302110_9-6_png.rf.d1adf0a711aad5e561afcb74dee40e29.jpg, 1
122840646_13-46_png.rf.dd9908e347178af23349c62307e9f19b.jpg, 1
124013126_32-3_png.rf.daa81f2fc28253a3f1ed5ac5289f96ae.jpg, 1
123304624_14-26_png.rf.dbdad9e81b8b8be096a8eff6c1db5e98.jpg, 1
153710782_7-5_png.rf.d224f707677323f2c6df8d7ec60af91f.jpg, 1
150557087_5-9_png.rf.e31234121b57843323ced624c294166d.jpg, 1
194214365_10-6_png.rf.e60c396383a62ad3cf4827510ec795fd.jpg, 1
152245592_8-8_png.rf.dc9d07e93f42e83031d3d9f6148b45c9.jpg, 1
123152801_8-9_png.rf.db8a517cc672b28071a1b82e24e3b4dc.jpg, 1
204223493_16-1_png.rf.e0f52dcb1ce3f93631737827736983a1.jpg, 1
164157591_15-8_png.rf.e3496dc04a164efa5ee8656f58235cd6.jpg, 1
194457751_7-1_png.rf.e5320fe667da17369092f954733964d2.jpg, 1
153110221_10-1_png.rf.e3e29e60aa5c85b2d11ef0d385cbfc69.jpg, 1
193356118_9-6_png.rf.e3927c08b519e6b0be133b297be19468.jpg, 1
135730130_13-06_png.rf.ee48e6c7a798d38c9f4235d91eb426a9.jpg, 1
194541473_7-1_png.rf.e75b1af5391c6339400a788f7caca89d.jpg, 1
164207108_13_png.rf.f0f6ea6c0f1fa75ff0c884f60b37437a.jpg, 1
123304624_14-26_png.rf.edb525a066a24d4a912f9ec9f9d32fdc.jpg, 1
124102216_9_png.rf.fa10aa282ec9219ea064b767637f9948.jpg, 1
105930161_5_png.rf.ef0d99e06b890ad4131491de4fc5474b.jpg, 1
194635418_0_png.rf.e7c6bd288e993aa79bf73f6aae1cf58f.jpg, 1
110940117_5-5_png.rf.f9daccf84d04675fe36eecdaf2d06b79.jpg, 1
194457751_7-1_png.rf.ebf3551661de126b32409c5eaced88c2.jpg, 1
132843158_11-4_png.rf.e6d506bcb3b6befcd8bdc3ee1f9099ee.jpg, 1
124102216_9_png.rf.f288eb90d3f719311b83ba61a820ccbf.jpg, 1
152334207_10-1_png.rf.f1be9c4eaf83fc69d292541537cbb93d.jpg, 1
194259775_10-6_png.rf.f6ea430e7e1b5ebf767799b470371dd6.jpg, 1
203643894_16_png.rf.f5b6f8490b9747708c161ca185e53a91.jpg, 1
153427711_10-1_png.rf.f6811e5ee7c537008267896cb9f8b0f3.jpg, 1
194527872_0_png.rf.f4b94fa1bc9348a8373caad9d70761fc.jpg, 1
130549518_9-96_png.rf.f77c5bfef5f9ed726234733ac965c406.jpg, 1
192535510_14-9_png.rf.e60dca3bfca1cfb3095e17c6e8f232a0.jpg, 1
133241977_9-96_png.rf.f346807759eff796c36763dcd7922676.jpg, 1
123322932_8-9_png.rf.eb1d1ac5dfecaefa95fca159cfa2411a.jpg, 1
143103915_23-7_png.rf.f1b7e4e6a5aef9eed36ae77ae629bffa.jpg, 1
153650319_7-5_png.rf.f37b5f5903144a0bea91ae52cb784ba2.jpg, 1
150557087_5-9_png.rf.fe43295d78a2bee905b2b6c23e09e83a.jpg, 1
105930161_5_png.rf.f9d18f9a2d2471c3ca26affa578dab8b.jpg, 1
151502498_2-4_png.rf.ef523fcaf8cbe3e4880425d64e5e64ac.jpg, 1
124353632_9-36_png.rf.fea30d02bbafeb8f63a051cbf2c1f42d.jpg, 1
203259905_14-2_png.rf.015cc25d389aae5fd2adb18be535fcc7.jpg, 1
124353738_35_png.rf.0293865f3c173a42a5e4bbc7f24bace9.jpg, 1
130549518_9-96_png.rf.03338c8a69493dad2788b3b571791fa2.jpg, 1
111040879_5-5_png.rf.095eae81297a8eb56d1203db032e45d8.jpg, 1
153334896_10-1_png.rf.0361f5f8f45342fca72082f0bd1b51bd.jpg, 1
151248355_2-4_png.rf.04fe5d9f659e094824f401e2633e2a05.jpg, 1
194527872_0_png.rf.0222332a535f1c6d3373f32a0842e685.jpg, 1
153451046_10-1_png.rf.020fbba1ba27c291cc262e7727884bc9.jpg, 1
122615545_19-5_png.rf.00cce40d18c5e6c3fddcd31dba6a7a88.jpg, 1
123927219_8-9_png.rf.05f6b40ff96ffa1361df2b7a9563401e.jpg, 1
132843158_11-4_png.rf.0e055c26addf223e19acb5a96b7fc055.jpg, 1
134736393_12-76_png.rf.02df99172f63030016429558a5a3c197.jpg, 1
152334207_10-1_png.rf.0c2d74481949407e19fc07b92967ae02.jpg, 1
134436580_10-96_png.rf.0b8aef935936c74a3475962ae59194a5.jpg, 1
133209067_11-4_png.rf.0af55e47c578c76dab79333760fec17e.jpg, 1
153141070_10-1_png.rf.0a8760df0f6c1cb14fb34ac7debdd3c2.jpg, 1
153239516_10-1_png.rf.09301639f7bb78f6bce281e62bc5cfe1.jpg, 1
203259905_14-2_png.rf.08659bb74f40b60919de4c93ed142a56.jpg, 1
124353738_35_png.rf.0debe46157aa903e0913d2b7d0f3466d.jpg, 1
153334896_10-1_png.rf.0ad513b66952cb6249c9295493506c6a.jpg, 1
110549683_5-6_png.rf.0af124c67bf87adb5166d17c22e68375.jpg, 1
164144388_11-4_png.rf.09c8028881f92de684ade8eddc3bfc92.jpg, 1
203643894_16_png.rf.0e12ce5f6317d570d8f30328bed1c37d.jpg, 1
143404559_25_png.rf.107870aca2aacabf4dca6cb9ef1f2d77.jpg, 1
140733205_6-26_png.rf.1201c4f2d2003846213fa882272e2392.jpg, 1
143404559_25_png.rf.133f3fb92b01afc06f7d4a08cb2490c7.jpg, 1
152606121_10-1_png.rf.139869ceedb821bfcebef9b152cba7c2.jpg, 1
122615545_19-5_png.rf.1529c96b7680d112f352e22a6ad5a6d9.jpg, 1
153239516_10-1_png.rf.17d18f530c16a9554f946bace7596ab8.jpg, 1
152802021_3-4_png.rf.1bba6a7ff0263daa7f67c6ce6784ba8d.jpg, 1
151210033_2-4_png.rf.0fbdd2b8b6176e10e618af573729238a.jpg, 1
194326275_10-6_png.rf.17df4980bd1a35fdf98d4195fd978d42.jpg, 1
125510218_15-36_png.rf.16f4c810e299e14a0f4a79e7b2e4c6a0.jpg, 1
192614389_14-9_png.rf.168b306bd988dc5e955b9b87d1f590f9.jpg, 1
194326275_10-6_png.rf.15a8ea0e14313276f6080a0bf16c3b4c.jpg, 1
194148203_10-6_png.rf.182be5d96040155c9a0d728e3951ab6e.jpg, 1
135730130_13-06_png.rf.15002cb88a1e0a16690af8b9fba77315.jpg, 1
105054799_10-2_png.rf.1b33e2d5ddb14135b80034de2f67098e.jpg, 1
194259775_10-6_png.rf.0f90b45f4500dc05f7b08646cd7cd71b.jpg, 1
123755939_25-1_png.rf.0f7daff76523fb8f152b333a1b2ea525.jpg, 1
150344375_5-9_png.rf.17254d9c911a454b5b197a7d040c3cb9.jpg, 1
203259905_14-2_png.rf.1bd9e2053f775a3cc924a89701b01743.jpg, 1
110549683_5-6_png.rf.10459c17662ddae5e8c53b3c906f6196.jpg, 1
152507457_10-1_png.rf.135f734b33541ab7306d2738d8459675.jpg, 1
134736393_12-76_png.rf.1e86d154cde7a8bc381bb44f49f1914d.jpg, 1
153838520_7-5_png.rf.135a61d391c460cb2558dd0aa63c8071.jpg, 1
110052197_5_png.rf.1db2e04ee720916389d49c1e0995e8f3.jpg, 1
153110221_10-1_png.rf.257fd6be33e6d1d2a66368d0348c9c3e.jpg, 1
110833023_5-5_png.rf.22eb8afaed0a81893e0d6bed240e0562.jpg, 1
150851907_13-2_png.rf.211a97f15a83c91f1dcafbc4f4218ea5.jpg, 1
151502498_2-4_png.rf.2bee2022c9a5b2da2eec815c360817eb.jpg, 1
204031956_16-1_png.rf.268290818ff568a1920993c0a3fda7dc.jpg, 1
153838520_7-5_png.rf.29f7a248417bfe1b21f04c4b5701c54d.jpg, 1
110052197_5_png.rf.243b05054d7ac44d822f9c87d65a02ae.jpg, 1
143103915_23-7_png.rf.2e8cc033c59252fa5b6171b03b315d48.jpg, 1
153710782_7-5_png.rf.2a683038371a38013f83661fc42aebee.jpg, 1
124252226_35_png.rf.2859f87f3feb16b53861a8310d2ae3a0.jpg, 1
140733205_6-26_png.rf.26b95b2006360bf7343b0fd19a5b0afe.jpg, 1
153141070_10-1_png.rf.300b68b8a48b1b6c9739062eeb000b2a.jpg, 1
125920353_5-6_png.rf.3090daceccc5fa7571c5cd7d476c6bbb.jpg, 1
153803776_7-5_png.rf.27e535d3eeec7a494db14403f6b9d2d3.jpg, 1
123442010_31-5_png.rf.26da66544e7aa3597bf13d11aa1a47ca.jpg, 1
134436580_10-96_png.rf.264a5e1ddc33cf412b925319238719f8.jpg, 1
124353632_9-36_png.rf.260763d457b5b709702d74669100185e.jpg, 1
164157591_15-8_png.rf.28179fc9b8b28ab2973e18dcb245d36f.jpg, 1
164245831_16-3_png.rf.25a3eefa22ec045ad141e577e337b093.jpg, 1
150344375_5-9_png.rf.2c2349109ffb88087f273993f7ebf32a.jpg, 1
130757664_12-76_png.rf.25c16f849c84785aa3ad46e96442e827.jpg, 1
111040879_5-5_png.rf.27ef84359a053e22c15495c90051a3c6.jpg, 1
153214004_10-1_png.rf.2c7d7c64e2853a1d3ff8dfc1479eafd8.jpg, 1
203643894_16_png.rf.2839e893e68954ddb57915b3765f618d.jpg, 1
110833023_5-5_png.rf.2880af6195ca6f4d8a45e0a874563f1c.jpg, 1
194214365_10-6_png.rf.32503314bbe9997e111ffa64467e0122.jpg, 1
194635418_0_png.rf.32aa1b183831f5e5d89489d3ec1d651f.jpg, 1
192614389_14-9_png.rf.3298569a9a11d367d45b86e7cef69d71.jpg, 1
153650319_7-5_png.rf.332410e7f71a87c014697c4bd7b1d5b5.jpg, 1
152245592_8-8_png.rf.348beeeade96b740254a0f61cb152109.jpg, 1
123442010_31-5_png.rf.3315f8823c6bfda714096919a7f734d3.jpg, 1
124102216_9_png.rf.3e321e26e8699507ad1845e487f09157.jpg, 1
204031956_16-1_png.rf.3a6161bbae313f080cafc7cd35ff3124.jpg, 1
152839560_3-4_png.rf.30e88bf81f4c490b7d3ccc6165b3dcf2.jpg, 1
204223493_16-1_png.rf.3de172d82c423b6b9a148d3bd75871e1.jpg, 1
122615545_19-5_png.rf.33119d9dcd2eb8315e908088967e470b.jpg, 1
133241977_9-96_png.rf.3bcdc35be1f4f132f08546fd76552973.jpg, 1
110431707_5-6_png.rf.3ee08b285613e33e8a87556c837313b2.jpg, 1
123442010_31-5_png.rf.38f7d1d7e5adbdc07e0076fa5ae57ece.jpg, 1
164507275_7-3_png.rf.3582cb614d9829ebb6e734e0b51f6336.jpg, 1
123707247_25-1_png.rf.32e158755a5f7c06533d7bdaae2c4b56.jpg, 1
192535510_14-9_png.rf.3438538b13541e6ed444466aba14d736.jpg, 1
123322932_8-9_png.rf.3f25a42fe77855b53f9d24bad4ecd370.jpg, 1
192715901_14-9_png.rf.36a431af604a996e25dc0c70c98e8ecf.jpg, 1
153606186_7-5_png.rf.375f6b11a3fd8772340684ddd14eef98.jpg, 1
122249253_9-86_png.rf.401276ca92cce011611e921f29674422.jpg, 1
153427711_10-1_png.rf.40b37fcda4bbe396a61222a4ba77a1b9.jpg, 1
145913451_13-1_png.rf.3760ea0671f6f23909c935a3a7c3ab4f.jpg, 1
153628638_7-5_png.rf.40c7d47f0ae5b30debb90204d12feda0.jpg, 1
203452588_14-2_png.rf.421fd4f6e3c0fdf208b5d39be2e8bc1d.jpg, 1
123707247_25-1_png.rf.4237a0a724f36ca99f72a919c9ddf962.jpg, 1
153427711_10-1_png.rf.4e5fc21ae6fe2d24579ab14a8f6303d2.jpg, 1
193356118_9-6_png.rf.4fad31eb40904f018996039f8b909ee6.jpg, 1
122840646_13-46_png.rf.4239094be972e76ba2f0a023b117be47.jpg, 1
153451046_10-1_png.rf.5067faa5c21dcd4422e6cd5bea78b04b.jpg, 1
150640186_5-9_png.rf.471e11d7e52343e8d97868ee74f3a22a.jpg, 1
164257214_16-4_png.rf.53898e3d5786a34174c07e28cae8b216.jpg, 1
193101717_11_png.rf.54954b910f7bc6f784f647b81d7aba62.jpg, 1
153606186_7-5_png.rf.4e0d1666a5575a40701c1ca1d3655ee4.jpg, 1
153504680_7-5_png.rf.5440d08531e9916042f83f25d879a163.jpg, 1
123322932_8-9_png.rf.468d623218ce5d2c90c2e7765b4621d4.jpg, 1
151952078_8-8_png.rf.4706e5c58649e99bf5ce0494893115e2.jpg, 1
193149069_11_png.rf.531303b0a498ca5e12a8cc1fee110728.jpg, 1
194527872_0_png.rf.50d0787c85a6bd3799062c5360a416ed.jpg, 1
105054799_10-2_png.rf.591363039817e1b80c40170667c1e20f.jpg, 1
193101717_11_png.rf.5877a3c00aef19f46e86fdcabc23fec1.jpg, 1
164144388_11-4_png.rf.4c28251f0bfd2d5385e219ce7e361a77.jpg, 1
193101717_11_png.rf.561d3ba953878374dac3e5f023aac166.jpg, 1
122844224_25-9_png.rf.51cd30c0ef12400ed4d22c45ad271964.jpg, 1
152507457_10-1_png.rf.5882ba3c201b09b19b209c6b8efe7432.jpg, 1
153141070_10-1_png.rf.4ecf39948b747e65c997d80e68fdec75.jpg, 1
123927219_8-9_png.rf.5073be45e0717c3b09098be425586eab.jpg, 1
164507275_7-3_png.rf.597520f67115c13355cd83b9d05fc603.jpg, 1
194541473_7-1_png.rf.49450e795a9127e9cb42482c045d9e57.jpg, 1
152839560_3-4_png.rf.4a54db3c0431634d831ccc766ff21e1c.jpg, 1
164245831_16-3_png.rf.5b407ff9dce83b115fac87ce031cbd64.jpg, 1
123152801_8-9_png.rf.5db4751b545a6784fa8f887cc54823f9.jpg, 1
134736393_12-76_png.rf.5ffb8ccff9fee0bfcb5bf71887e5b162.jpg, 1
203735327_16_png.rf.65cc5e5eeae8a0f5f7d83c4185b57502.jpg, 1
151952078_8-8_png.rf.6519a829ea32c8b3882818bc6e5981b2.jpg, 1
194326275_10-6_png.rf.5984787b4bb3814b1eeacf5b7063ff06.jpg, 1
153838520_7-5_png.rf.5c96b016c4f6d766df9cc0cb10f4ac3c.jpg, 1
124252226_35_png.rf.62561302e8bcf1ab02bcc00f8527b5ea.jpg, 1
151210033_2-4_png.rf.5a0d3d6507b21f00a9365cf35585fb15.jpg, 1
164257214_16-4_png.rf.5b5ac34713d5a2f2ac5f0247e98d20b8.jpg, 1
153710782_7-5_png.rf.64a0e887027ceb4f035f9125079e9f19.jpg, 1
125033735_13-46_png.rf.5a054d27a3233afd939f2b57fefce804.jpg, 1
150851907_13-2_png.rf.62eaa9afbece494d3267da19acd589c3.jpg, 1
194259775_10-6_png.rf.6663050334c5ac8155e879558d160b5c.jpg, 1
122534294_19-5_png.rf.671b06a9535c258b17e567a75a88e7b3.jpg, 1
164348136_6-3_png.rf.61ee8a1c397454e98a0c149364bea7cf.jpg, 1
194635418_0_png.rf.6352b366d3f3c37f73f490e7487a83fd.jpg, 1
123236471_8-9_png.rf.5f5bf66a8ba26e916b6ff16769bc6686.jpg, 1
203735327_16_png.rf.606ac42d41c7f61292b985136968d8e5.jpg, 1
150129508_13-1_png.rf.609b4db01b53ed6bf9f3a0e5be1d615d.jpg, 1
123755939_25-1_png.rf.65b26c4c8c7f39d300b69ca9085dcb0d.jpg, 1
132303512_12-76_png.rf.5e7557b989e4c83702cb7894c49a5c89.jpg, 1
203452588_14-2_png.rf.66accbd4636189335b7100ff1b000cdf.jpg, 1
150046062_13-1_png.rf.5cf85c44461caa441b24165589f2ecc5.jpg, 1
203922219_16-1_png.rf.67a86b402048e3a18824a7d711f56840.jpg, 1
203452588_14-2_png.rf.6887bcab93702539799d0f23d7c8c045.jpg, 1
193149069_11_png.rf.660dfa90e4e952cc7f01473978396373.jpg, 1
153451046_10-1_png.rf.6a7df9a98dce0d664bea8980318ba8ff.jpg, 1
192715901_14-9_png.rf.6de9334f7cc721a34086e3aeae695bd3.jpg, 1
125920353_5-6_png.rf.6daf7e012909904b0d3868d654a3af13.jpg, 1
164348136_6-3_png.rf.6e26b3133b832a3192d5cdf6834b0fea.jpg, 1
124252226_35_png.rf.69610af8b542cde74e3614cb1010aae6.jpg, 1
105930161_5_png.rf.7998b5d3e29aba83c2251d13091be907.jpg, 1
164207108_13_png.rf.72fcd23e18e068988847071fcbceb3e9.jpg, 1
193302110_9-6_png.rf.762141cd08af2fac4d8f75cb717f8512.jpg, 1
133241977_9-96_png.rf.6c06d4865498cfa8170fd24bcf139245.jpg, 1
105054799_10-2_png.rf.70041cf5205f28bed99a18b96f7ab625.jpg, 1
110052197_5_png.rf.7397990bd7886a8419e900c7a0e9997e.jpg, 1
152802021_3-4_png.rf.73f3f49c9ec5aac84f2812b880c69946.jpg, 1
152122401_8-8_png.rf.692e9c669166849d3818b5ee32515167.jpg, 1
132303512_12-76_png.rf.76e98d75fa9b5209cccf4ed484a10895.jpg, 1
192614389_14-9_png.rf.6af542811aa7db09cf5967a0408da8be.jpg, 1
134252026_9-36_png.rf.7cbe05c291a8d36a763e51ab0b2afc7b.jpg, 1
134603432_12-06_png.rf.74293f7e1c109eeb63d1902378ea8eb0.jpg, 1
122844224_25-9_png.rf.7b9698eaa813708f80b205febdcafa61.jpg, 1
151559641_2-4_png.rf.7ce7f5ff26bb32fb087052af8bad00f0.jpg, 1
145913451_13-1_png.rf.70b008cf4ab0aecf74d28f0b1ca6db5f.jpg, 1
151559641_2-4_png.rf.7b1952447ed7a86faf1b5d5b7d8ca907.jpg, 1
124108428_21-8_png.rf.6908fb40466f17fb4f61b5b27f87408d.jpg, 1
131032282_14-36_png.rf.791592febb5f653da300de83cc519469.jpg, 1
110431707_5-6_png.rf.783eba62d5139c702c77abec185a5011.jpg, 1
131951484_8-96_png.rf.7cf85172de60973b843d15506c1a6f5a.jpg, 1
152245592_8-8_png.rf.7e6226bccbab7875e02839bfa951e4fa.jpg, 1
151952078_8-8_png.rf.7d27a294ed70bfa628016d206daafff8.jpg, 1
122840646_13-46_png.rf.7f8e095661f0f1e647f87bb419de8a02.jpg, 1
110940117_5-5_png.rf.82c6949e3f9ced66de98767dcb9c3453.jpg, 1
153009464_3-4_png.rf.853eed246c7ec439e8a3ff0db7f9d9b5.jpg, 1
151210033_2-4_png.rf.87b9dcb005ea647f7f77a5c2994d4986.jpg, 1
153628638_7-5_png.rf.887b76de2787686e343a0c1ce8e81686.jpg, 1
132843158_11-4_png.rf.7db1ec353428f0ab72e93b0a3291ae5b.jpg, 1
123755939_25-1_png.rf.861adfe17c4e511ab641ff7846d87950.jpg, 1
153606186_7-5_png.rf.885c63783043f63cda010d984dfca50a.jpg, 1
152606121_10-1_png.rf.88b5738ec69115e3767488ba4bfebe73.jpg, 1
143404559_25_png.rf.8c3db2b172d2d43c707a4f5605d153c7.jpg, 1
203922219_16-1_png.rf.8c48dce0994f831fd5ab986ad02b85db.jpg, 1
124353632_9-36_png.rf.8a2807d06531a9ac3405b8075e6dfb88.jpg, 1
194148203_10-6_png.rf.8dc6b6ac2765a86beebfffc6c857e6b7.jpg, 1
125033735_13-46_png.rf.878678e9356cb4e6f8c27d49e00c5d59.jpg, 1
152334207_10-1_png.rf.8e02e4954c2269a2fe22675b047c317b.jpg, 1
152038356_8-8_png.rf.9001522fadfbccb706248a82088c19a4.jpg, 1
153308034_10-1_png.rf.86c3f9f159706016e09dd359731dfe2b.jpg, 1
203406230_14-2_png.rf.8fe6a7edeb26a4c81975ef130553b125.jpg, 1
123152801_8-9_png.rf.860b87d242c4b191cc2f8958bb958f94.jpg, 1
152507457_10-1_png.rf.84032eb5e6e7abf2ce1edb2c1694d12f.jpg, 1
193149069_11_png.rf.90f97ce3dfcd68b7be01caf1b7b8f493.jpg, 1
164348136_6-3_png.rf.8c67d5f61789fc70b975db38b2f6dfba.jpg, 1
151248355_2-4_png.rf.82d15555489c7cca02ec25f94acc3c41.jpg, 1
133209067_11-4_png.rf.91158517262032413e830cc2874ed6bb.jpg, 1
150129508_13-1_png.rf.8d2023e415d1d544aba70a2e92990a34.jpg, 1
124013126_32-3_png.rf.915d2503d7b990721da45b1586046b12.jpg, 1
153308034_10-1_png.rf.917008390af2a2cd72b4c9546eeb436f.jpg, 1
110431707_5-6_png.rf.917b823563907d6bdf0079dcba8463fa.jpg, 1
131032282_14-36_png.rf.927cb39d8e3e4c426975f343659c5618.jpg, 1
134252026_9-36_png.rf.9287eb7f3b28d137ee2572629108e5f2.jpg, 1
111040879_5-5_png.rf.92cdfe37c24e040c174dd3572e142417.jpg, 1
150046062_13-1_png.rf.941cb5e906678627ae1241b65b3be108.jpg, 1
152038356_8-8_png.rf.92ef58d4153ed110d685ac7bc3fafe79.jpg, 1
194457751_7-1_png.rf.93cba2cd03f13910906d2df0ba74dd41.jpg, 1
150046062_13-1_png.rf.94206b8ed3a07a1e63368763b9666275.jpg, 1
152122401_8-8_png.rf.9979216173e3f395b009fc6d8012c556.jpg, 1
131032282_14-36_png.rf.9f33d9e1e2a32280832e26ac316e2be3.jpg, 1
153504680_7-5_png.rf.99ab3aa978557a44c94eed4958aabd04.jpg, 1
193759974_10-6_png.rf.993a9286e0aad23fecf19d71cddad327.jpg, 1
124013126_32-3_png.rf.95ed1e1ea22a4db031301be63ecbcdf6.jpg, 1
141131231_10-56_png.rf.92bbb0b96e356eab4d8cd7438c9494a3.jpg, 1
150640186_5-9_png.rf.9cae978050560a6537ddc790266f8e90.jpg, 1
152839560_3-4_png.rf.9830f77e4a365f89ab3e1da80af7ad44.jpg, 1
150640186_5-9_png.rf.9b9a156876d045c51be97600b2b92683.jpg, 1
125510218_15-36_png.rf.9c42520acf14fde1a7f9ef8556111448.jpg, 1
110940117_5-5_png.rf.a2a65f17dcf34648c87234319ca2fc65.jpg, 1
151559641_2-4_png.rf.953602b739d9d8d9e83c4bd4013af0a5.jpg, 1
164231802_11-3_png.rf.9d601334e618988cff70735c8488f44a.jpg, 1
124604940_9-46_png.rf.a2c89e1c870a6da6e54a5cb1e29ddb70.jpg, 1
134603432_12-06_png.rf.a2c8bb95af1bd7db853324fbf4ef04b1.jpg, 1
152122401_8-8_png.rf.a411e87251b86acee8b9c1e62c537c63.jpg, 1
194214365_10-6_png.rf.9de20c8e61761863a9c016812abfb464.jpg, 1
140733205_6-26_png.rf.91c59a043bcee3ead62958a86506a32e.jpg, 1
203406230_14-2_png.rf.a4c9278afe608af4636691505619c498.jpg, 1
153803776_7-5_png.rf.a47ca1dbbd612e1d646550811d4f652b.jpg, 1
150851907_13-2_png.rf.956aecac963603cfdf7786a3e1fda05c.jpg, 1
141131231_10-56_png.rf.a10d513b80c4c5c415e9985b3e075602.jpg, 1
124604940_9-46_png.rf.a58b3908dbb47d4c1578f7cda4b4251e.jpg, 1
130757664_12-76_png.rf.a8db0108c35fae74779a8f45180bd070.jpg, 1
203735327_16_png.rf.aeb1ed510c3be101089bb3f15977c8be.jpg, 1
164231802_11-3_png.rf.a63038f491edb7d1e74dba4879841d39.jpg, 1
124604940_9-46_png.rf.ae193517c0acb307464627bf736f4cbf.jpg, 1
193356118_9-6_png.rf.ad9216b4fa5cbc8880c2adc1038f67fb.jpg, 1
134436580_10-96_png.rf.ab76bd63bc79c9fbd2b2f1127716127f.jpg, 1
153504680_7-5_png.rf.b0080bfb6dc726b06e7c71ccc72e4947.jpg, 1
153628638_7-5_png.rf.ada598b5ebe26dbdf3387e272a5ecbe7.jpg, 1
110833023_5-5_png.rf.aa21ce1eb98d532584b6d116ff37ab6d.jpg, 1
152802021_3-4_png.rf.a7bc13946f6c34e4a58ec062bf872eda.jpg, 1
123236471_8-9_png.rf.a5dc809157dd11cb9c0d4b066c2ca6a2.jpg, 1
150557087_5-9_png.rf.b07d8660cffd0d9d8470aae5a456afbc.jpg, 1
141131231_10-56_png.rf.a9b97abdc368e808432590a68522b8a5.jpg, 1